Workbook

Sheet r0
A1: Target test | B1: ='Test IDs'!C2 -> DS.1 | C1: ='Test IDs'!C3 -> DS.2 | D1: ='Test IDs'!C4 -> DS.3 | E1: ='Test IDs'!C5 -> DS.4 | F1: ='Test IDs'!C6 -> N.1 | G1: ='Test IDs'!C7 -> N.2 | H1: ='Test IDs'!C8 -> N.3 | I1: ='Test IDs'!C9 -> N.4
A2: Total when | B2: 3 | C2: 2 | D2: 1 | E2: 1 | F2: 1 | G2: 0 | H2: 0 | I2: 1
A3: Transformed when | B3: 3 | C3: 2 | D3: 1 | E3: 1 | F3: 1 | G3: 0 | H3: 0 | I3: 1
A4: Transformed when with syntax errors | B4: 0 | C4: 0 | D4: 0 | E4: 0 | F4: 0 | G4: 0 | H4: 0 | I4: 0
A5: Transformed when with semantic errors | B5: 0 | C5: 0 | D5: 0 | E5: 0 | F5: 0 | G5: 0 | H5: 0 | I5: 0
A6: Total verify | B6: 0 | C6: 2 | D6: 0 | E6: 0 | F6: 0 | G6: 1 | H6: 1 | I6: 1
A7: Transformed verify | B7: 0 | C7: 2 | D7: 0 | E7: 0 | F7: 0 | G7: 1 | H7: 1 | I7: 1
A8: Transformed verify with syntax errors | B8: 0 | C8: 0 | D8: 0 | E8: 0 | F8: 0 | G8: 0 | H8: 0 | I8: 0
A9: Transformed verify with semantic errors | B9: 0 | C9: 0 | D9: 0 | E9: 0 | F9: 0 | G9: 0 | H9: 0 | I9: 0
A10: Argument matchers in stub | B10: 0 | C10: 1 | D10: 0 | E10: 0 | F10: 0 | G10: 0 | H10: 0 | I10: 0
A11: Transformed argument matchers in stub | B11: 0 | C11: 0 | D11: 0 | E11: 0 | F11: 0 | G11: 0 | H11: 0 | I11: 0
A12: Transformed argument matchers in stub with syntax errors | B12: 0 | C12: 0 | D12: 0 | E12: 0 | F12: 0 | G12: 0 | H12: 0 | I12: 0
A13: Transformed argument matcher in stub with semantic errors | B13: 0 | C13: 0 | D13: 0 | E13: 0 | F13: 0 | G13: 0 | H13: 0 | I13: 0
... A22: Cost ($) | B22: 0.023953 | C22: 0.023953 | D22: 0.023953 | E22: 0.023953 | F22: 0.023953 | G22: 0.023953 | H22: 0.023953 | I22: 0.023953
A23: LLM used | B23: gpt-5.4-mini | C23: gpt-5.4-mini | D23: gpt-5.4-mini | E23: gpt-5.4-mini | F23: gpt-5.4-mini | G23: gpt-5.4-mini | H23: gpt-5.4-mini | I23: gpt-5.4-mini
A24: Needs human refactor (see Compilation errors for details) | B24: no | C24: no | D24: no | E24: no | F24: yes | G24: yes | H24: yes | I24: yes

Sheet r1
A1: Target test | B1: ='Test IDs'!C2 -> DS.1 | C1: ='Test IDs'!C3 -> DS.2 | D1: ='Test IDs'!C4 -> DS.3 | E1: ='Test IDs'!C5 -> DS.4 | F1: ='Test IDs'!C6 -> N.1 | G1: ='Test IDs'!C7 -> N.2 | H1: ='Test IDs'!C8 -> N.3 | I1: ='Test IDs'!C9 -> N.4
A2: Total when | B2: 3 | C2: 2 | D2: 1 | E2: 1 | F2: 1 | G2: 0 | H2: 0 | I2: 1
A3: Transformed when | B3: 3 | C3: 2 | D3: 1 | E3: 1 | F3: 1 | G3: 0 | H3: 0 | I3: 1
A4: Transformed when with syntax errors | B4: 0 | C4: 0 | D4: 0 | E4: 0 | F4: 0 | G4: 0 | H4: 0 | I4: 0
A5: Transformed when with semantic errors | B5: 0 | C5: 0 | D5: 0 | E5: 0 | F5: 0 | G5: 0 | H5: 0 | I5: 0
A6: Total verify | B6: 0 | C6: 2 | D6: 0 | E6: 0 | F6: 0 | G6: 1 | H6: 1 | I6: 1
A7: Transformed verify | B7: 0 | C7: 2 | D7: 0 | E7: 0 | F7: 0 | G7: 1 | H7: 1 | I7: 1
A8: Transformed verify with syntax errors | B8: 0 | C8: 0 | D8: 0 | E8: 0 | F8: 0 | G8: 0 | H8: 0 | I8: 0
A9: Transformed verify with semantic errors | B9: 0 | C9: 0 | D9: 0 | E9: 0 | F9: 0 | G9: 0 | H9: 0 | I9: 0
A10: Argument matchers in stub | B10: 0 | C10: 1 | D10: 0 | E10: 0 | F10: 0 | G10: 0 | H10: 0 | I10: 0
A11: Transformed argument matchers in stub | B11: 0 | C11: 1 | D11: 0 | E11: 0 | F11: 0 | G11: 0 | H11: 0 | I11: 0
A12: Transformed argument matchers in stub with syntax errors | B12: 0 | C12: 0 | D12: 0 | E12: 0 | F12: 0 | G12: 0 | H12: 0 | I12: 0
A13: Transformed argument matcher in stub with semantic errors | B13: 0 | C13: 0 | D13: 0 | E13: 0 | F13: 0 | G13: 0 | H13: 0 | I13: 0
... A22: Cost ($) | B22: 0.023829 | C22: 0.024183 | D22: 0.018274 | E22: 0.018484 | F22: 0.012227 | G22: 0.009354 | H22: 0.01198 | I22: 0.014895
A23: LLM used | B23: gpt-5.4-mini | C23: gpt-5.4-mini | D23: gpt-5.4-mini | E23: gpt-5.4-mini | F23: gpt-5.4-mini | G23: gpt-5.4-mini | H23: gpt-5.4-mini | I23: gpt-5.4-mini
A24: Needs human refactor (see Compilation errors for details) | B24: no | C24: no | D24: no | E24: no | F24: yes | G24: yes | H24: yes | I24: yes

Sheet r2
A1: Target test | B1: ='Test IDs'!C2 -> DS.1 | C1: ='Test IDs'!C3 -> DS.2 | D1: ='Test IDs'!C4 -> DS.3 | E1: ='Test IDs'!C5 -> DS.4 | F1: ='Test IDs'!C6 -> N.1 | G1: ='Test IDs'!C7 -> N.2 | H1: ='Test IDs'!C8 -> N.3 | I1: ='Test IDs'!C9 -> N.4
A2: Total when | B2: 3 | C2: 2 | D2: 1 | E2: 1 | F2: 1 | G2: 0 | H2: 0 | I2: 1
A3: Transformed when | B3: 3 | C3: 2 | D3: 1 | E3: 1 | F3: 1 | G3: 0 | H3: 0 | I3: 1
A4: Transformed when with syntax errors | B4: 0 | C4: 0 | D4: 0 | E4: 0 | F4: 0 | G4: 0 | H4: 0 | I4: 0
A5: Transformed when with semantic errors | B5: 3 | C5: 1 | D5: 0 | E5: 0 | F5: 0 | G5: 0 | H5: 0 | I5: 0
A6: Total verify | B6: 0 | C6: 2 | D6: 0 | E6: 0 | F6: 0 | G6: 1 | H6: 1 | I6: 1
A7: Transformed verify | B7: 0 | C7: 2 | D7: 0 | E7: 0 | F7: 0 | G7: 1 | H7: 0 | I7: 1
A8: Transformed verify with syntax errors | B8: 0 | C8: 0 | D8: 0 | E8: 0 | F8: 0 | G8: 1 | H8: 1 | I8: 0
A9: Transformed verify with semantic errors | B9: 0 | C9: 0 | D9: 0 | E9: 0 | F9: 0 | G9: 0 | H9: 0 | I9: 0
A10: Argument matchers in stub | B10: 0 | C10: 1 | D10: 0 | E10: 0 | F10: 0 | G10: 0 | H10: 0 | I10: 0
A11: Transformed argument matchers in stub | B11: 0 | C11: 1 | D11: 0 | E11: 0 | F11: 0 | G11: 0 | H11: 0 | I11: 0
A12: Transformed argument matchers in stub with syntax errors | B12: 0 | C12: 0 | D12: 0 | E12: 0 | F12: 0 | G12: 0 | H12: 0 | I12: 0
A13: Transformed argument matcher in stub with semantic errors | B13: 0 | C13: 1 | D13: 0 | E13: 0 | F13: 0 | G13: 0 | H13: 0 | I13: 0
... A22: Cost ($) | B22: 0.025378 | C22: 0.019817 | D22: 0.013224 | E22: 0.019072 | F22: 0.012208 | G22: 0.009634 | H22: 0.012047 | I22: 0.015118
A23: LLM used | B23: gpt-5.4-mini | C23: gpt-5.4-mini | D23: gpt-5.4-mini | E23: gpt-5.4-mini | F23: gpt-5.4-mini | G23: gpt-5.4-mini | H23: gpt-5.4-mini | I23: gpt-5.4-mini
A24: Needs human refactor (see Compilation errors for details) | B24: yes | C24: yes | D24: yes | E24: no | F24: yes | G24: yes | H24: yes | I24: yes

Sheet global
A1: Target test | B1: ='Test IDs'!C2 -> DS.1 | C1: ='Test IDs'!C3 -> DS.2 | D1: ='Test IDs'!C4 -> DS.3 | E1: ='Test IDs'!C5 -> DS.4 | F1: ='Test IDs'!C6 -> N.1 | G1: ='Test IDs'!C7 -> N.2 | H1: ='Test IDs'!C8 -> N.3 | I1: ='Test IDs'!C9 -> N.4
A2: Total when | B2: =AVERAGE(r0!B2,'r1'!B2, 'r2'!B2) -> 3 | C2: =AVERAGE(r0!C2,'r1'!C2, 'r2'!C2) -> 2 | D2: =AVERAGE(r0!D2,'r1'!D2, 'r2'!D2) -> 1 | E2: =AVERAGE(r0!E2,'r1'!E2, 'r2'!E2) -> 1 | F2: =AVERAGE(r0!F2,'r1'!F2, 'r2'!F2) -> 1 | G2: =AVERAGE(r0!G2,'r1'!G2, 'r2'!G2) -> 0 | H2: =AVERAGE(r0!H2,'r1'!H2, 'r2'!H2) -> 0 | I2: =AVERAGE(r0!I2,'r1'!I2, 'r2'!I2) -> 1
A3: Transformed when | B3: =AVERAGE(r0!B3,'r1'!B3, 'r2'!B3) -> 3 | C3: =AVERAGE(r0!C3,'r1'!C3, 'r2'!C3) -> 2 | D3: =AVERAGE(r0!D3,'r1'!D3, 'r2'!D3) -> 1 | E3: =AVERAGE(r0!E3,'r1'!E3, 'r2'!E3) -> 1 | F3: =AVERAGE(r0!F3,'r1'!F3, 'r2'!F3) -> 1 | G3: =AVERAGE(r0!G3,'r1'!G3, 'r2'!G3) -> 0 | H3: =AVERAGE(r0!H3,'r1'!H3, 'r2'!H3) -> 0 | I3: =AVERAGE(r0!I3,'r1'!I3, 'r2'!I3) -> 1
A4: Transformed when with syntax errors | B4: =AVERAGE(r0!B4,'r1'!B4, 'r2'!B4) -> 0 | C4: =AVERAGE(r0!C4,'r1'!C4, 'r2'!C4) -> 0 | D4: =AVERAGE(r0!D4,'r1'!D4, 'r2'!D4) -> 0 | E4: =AVERAGE(r0!E4,'r1'!E4, 'r2'!E4) -> 0 | F4: =AVERAGE(r0!F4,'r1'!F4, 'r2'!F4) -> 0 | G4: =AVERAGE(r0!G4,'r1'!G4, 'r2'!G4) -> 0 | H4: =AVERAGE(r0!H4,'r1'!H4, 'r2'!H4) -> 0 | I4: =AVERAGE(r0!I4,'r1'!I4, 'r2'!I4) -> 0
A5: Transformed when with semantic errors | B5: =AVERAGE(r0!B5,'r1'!B5, 'r2'!B5) -> 1 | C5: =AVERAGE(r0!C5,'r1'!C5, 'r2'!C5) -> 0.33333333 | D5: =AVERAGE(r0!D5,'r1'!D5, 'r2'!D5) -> 0 | E5: =AVERAGE(r0!E5,'r1'!E5, 'r2'!E5) -> 0 | F5: =AVERAGE(r0!F5,'r1'!F5, 'r2'!F5) -> 0 | G5: =AVERAGE(r0!G5,'r1'!G5, 'r2'!G5) -> 0 | H5: =AVERAGE(r0!H5,'r1'!H5, 'r2'!H5) -> 0 | I5: =AVERAGE(r0!I5,'r1'!I5, 'r2'!I5) -> 0
A6: Total verify | B6: =AVERAGE(r0!B6,'r1'!B6, 'r2'!B6) -> 0 | C6: =AVERAGE(r0!C6,'r1'!C6, 'r2'!C6) -> 2 | D6: =AVERAGE(r0!D6,'r1'!D6, 'r2'!D6) -> 0 | E6: =AVERAGE(r0!E6,'r1'!E6, 'r2'!E6) -> 0 | F6: =AVERAGE(r0!F6,'r1'!F6, 'r2'!F6) -> 0 | G6: =AVERAGE(r0!G6,'r1'!G6, 'r2'!G6) -> 1 | H6: =AVERAGE(r0!H6,'r1'!H6, 'r2'!H6) -> 1 | I6: =AVERAGE(r0!I6,'r1'!I6, 'r2'!I6) -> 1
A7: Transformed verify | B7: =AVERAGE(r0!B7,'r1'!B7, 'r2'!B7) -> 0 | C7: =AVERAGE(r0!C7,'r1'!C7, 'r2'!C7) -> 2 | D7: =AVERAGE(r0!D7,'r1'!D7, 'r2'!D7) -> 0 | E7: =AVERAGE(r0!E7,'r1'!E7, 'r2'!E7) -> 0 | F7: =AVERAGE(r0!F7,'r1'!F7, 'r2'!F7) -> 0 | G7: =AVERAGE(r0!G7,'r1'!G7, 'r2'!G7) -> 1 | H7: =AVERAGE(r0!H7,'r1'!H7, 'r2'!H7) -> 0.66666667 | I7: =AVERAGE(r0!I7,'r1'!I7, 'r2'!I7) -> 1
A8: Transformed verify with syntax errors | B8: =AVERAGE(r0!B8,'r1'!B8, 'r2'!B8) -> 0 | C8: =AVERAGE(r0!C8,'r1'!C8, 'r2'!C8) -> 0 | D8: =AVERAGE(r0!D8,'r1'!D8, 'r2'!D8) -> 0 | E8: =AVERAGE(r0!E8,'r1'!E8, 'r2'!E8) -> 0 | F8: =AVERAGE(r0!F8,'r1'!F8, 'r2'!F8) -> 0 | G8: =AVERAGE(r0!G8,'r1'!G8, 'r2'!G8) -> 0.33333333 | H8: =AVERAGE(r0!H8,'r1'!H8, 'r2'!H8) -> 0.33333333 | I8: =AVERAGE(r0!I8,'r1'!I8, 'r2'!I8) -> 0
A9: Transformed verify with semantic errors | B9: =AVERAGE(r0!B9,'r1'!B9, 'r2'!B9) -> 0 | C9: =AVERAGE(r0!C9,'r1'!C9, 'r2'!C9) -> 0 | D9: =AVERAGE(r0!D9,'r1'!D9, 'r2'!D9) -> 0 | E9: =AVERAGE(r0!E9,'r1'!E9, 'r2'!E9) -> 0 | F9: =AVERAGE(r0!F9,'r1'!F9, 'r2'!F9) -> 0 | G9: =AVERAGE(r0!G9,'r1'!G9, 'r2'!G9) -> 0 | H9: =AVERAGE(r0!H9,'r1'!H9, 'r2'!H9) -> 0 | I9: =AVERAGE(r0!I9,'r1'!I9, 'r2'!I9) -> 0
A10: Argument matchers in stub | B10: =AVERAGE(r0!B10,'r1'!B10, 'r2'!B10) -> 0 | C10: =AVERAGE(r0!C10,'r1'!C10, 'r2'!C10) -> 1 | D10: =AVERAGE(r0!D10,'r1'!D10, 'r2'!D10) -> 0 | E10: =AVERAGE(r0!E10,'r1'!E10, 'r2'!E10) -> 0 | F10: =AVERAGE(r0!F10,'r1'!F10, 'r2'!F10) -> 0 | G10: =AVERAGE(r0!G10,'r1'!G10, 'r2'!G10) -> 0 | H10: =AVERAGE(r0!H10,'r1'!H10, 'r2'!H10) -> 0 | I10: =AVERAGE(r0!I10,'r1'!I10, 'r2'!I10) -> 0
A11: Transformed argument matchers in stub | B11: =AVERAGE(r0!B11,'r1'!B11, 'r2'!B11) -> 0 | C11: =AVERAGE(r0!C11,'r1'!C11, 'r2'!C11) -> 0.66666667 | D11: =AVERAGE(r0!D11,'r1'!D11, 'r2'!D11) -> 0 | E11: =AVERAGE(r0!E11,'r1'!E11, 'r2'!E11) -> 0 | F11: =AVERAGE(r0!F11,'r1'!F11, 'r2'!F11) -> 0 | G11: =AVERAGE(r0!G11,'r1'!G11, 'r2'!G11) -> 0 | H11: =AVERAGE(r0!H11,'r1'!H11, 'r2'!H11) -> 0 | I11: =AVERAGE(r0!I11,'r1'!I11, 'r2'!I11) -> 0
A12: Transformed argument matchers in stub with syntax errors | B12: =AVERAGE(r0!B12,'r1'!B12, 'r2'!B12) -> 0 | C12: =AVERAGE(r0!C12,'r1'!C12, 'r2'!C12) -> 0 | D12: =AVERAGE(r0!D12,'r1'!D12, 'r2'!D12) -> 0 | E12: =AVERAGE(r0!E12,'r1'!E12, 'r2'!E12) -> 0 | F12: =AVERAGE(r0!F12,'r1'!F12, 'r2'!F12) -> 0 | G12: =AVERAGE(r0!G12,'r1'!G12, 'r2'!G12) -> 0 | H12: =AVERAGE(r0!H12,'r1'!H12, 'r2'!H12) -> 0 | I12: =AVERAGE(r0!I12,'r1'!I12, 'r2'!I12) -> 0
A13: Transformed argument matcher in stub with semantic errors | B13: =AVERAGE(r0!B13,'r1'!B13, 'r2'!B13) -> 0 | C13: =AVERAGE(r0!C13,'r1'!C13, 'r2'!C13) -> 0.33333333 | D13: =AVERAGE(r0!D13,'r1'!D13, 'r2'!D13) -> 0 | E13: =AVERAGE(r0!E13,'r1'!E13, 'r2'!E13) -> 0 | F13: =AVERAGE(r0!F13,'r1'!F13, 'r2'!F13) -> 0 | G13: =AVERAGE(r0!G13,'r1'!G13, 'r2'!G13) -> 0 | H13: =AVERAGE(r0!H13,'r1'!H13, 'r2'!H13) -> 0 | I13: =AVERAGE(r0!I13,'r1'!I13, 'r2'!I13) -> 0
... A22: Cost ($) | B22: =AVERAGE(r0!B22,'r1'!B22, 'r2'!B22) -> 0.024386667 | C22: =AVERAGE(r0!C22,'r1'!C22, 'r2'!C22) -> 0.022651 | D22: =AVERAGE(r0!D22,'r1'!D22, 'r2'!D22) -> 0.018483667 | E22: =AVERAGE(r0!E22,'r1'!E22, 'r2'!E22) -> 0.020503 | F22: =AVERAGE(r0!F22,'r1'!F22, 'r2'!F22) -> 0.016129333 | G22: =AVERAGE(r0!G22,'r1'!G22, 'r2'!G22) -> 0.014313667 | H22: =AVERAGE(r0!H22,'r1'!H22, 'r2'!H22) -> 0.015993333 | I22: =AVERAGE(r0!I22,'r1'!I22, 'r2'!I22) -> 0.017988667

Sheet Test IDs
A1: TEST CLASS | B1: TEST METHOD | C1: ID
A2: org.apache.dolphinscheduler.api.python.PythonGatewayTest | B2: testGetCodeAndVersion | C2: DS.1
A3: org.apache.dolphinscheduler.api.service.WorkflowTaskLineageServiceTest | B3: testUpdateWorkflowLineageWithNonEmptyList | C3: DS.2
A4: org.apache.dolphinscheduler.api.service.EnvironmentWorkerGroupRelationServiceTest | B4: testQueryEnvironmentWorkerGroupRelation | C4: DS.3
A5: org.apache.dolphinscheduler.service.process.ProcessServiceTest | B5: testGetUserById | C5: DS.4
A6: com.alibaba.nacos.client.naming.selector.DefaultNamingSelectorTest | B6: testSelect | C6: N.1
A7: com.alibaba.nacos.ai.config.McpConfigurationTest | B7: testInit | C7: N.2
A8: com.alibaba.nacos.client.naming.remote.http.NamingHttpClientManagerTest | B8: testShutdown | C8: N.3
A9: com.alibaba.nacos.auth.util.AuthHeaderUtilTest | B9: testAddIdentityToGrpcRequestWhenNotSupport | C9: N.4
